<?xml version="1.0" encoding="UTF-8"?>
<!DOCTYPE suite SYSTEM "https://testng.org/testng-1.0.dtd">
<suite name="Suite1">

  <test  name="Regression">
  <parameter name="browsername" value="firefox"/>
     <classes>
      <class name="com.firebase.test.tests.AutomationScripts">
      <methods>
       <include name="TestID_1LoginErrorMessage()"/>
        <include name="TestID_2LoginToSalesForce()"/>
        <include name="TestID_3CheckRemeberMe()"/>
        <include name="TestID_4AForgotPassword()"/>
        <include name="TestID_4BForgotPassword()"/>
        <include name="TestID_5Usermenudropdown()"/>
      	<include name="TestID_6MyProfileFromUsermenudropdown()"/>
      	 <include name="TestID_7MySettingFromUsermenudropdown()"/>
      	 <include name="TestID_8DeveloperConsoleFromUsermenudropdown()"/>
      	<include name="TestID_9LogoutFromUsermenudropdown()"/>
      	<include name="TestID_10CreateAccount()"/>
      	<include name="TestID_11Createnewview()"/>
      	<include name="TestID_12Editview()"/>
      	<include name="TestID_13MergeAccounts()"/>
      	<include name="TestID_14CreateAccountReport()"/>
      	<include name="TestID_15opportunitiesDropdown()"/>
      	<include name="TestID_16createanewOpty()"/>
      	<include name="TestID_17Test_Opportunity_Pipeline_Report()"/>
      	<include name="TestID_18Test_Stuck_Opportunity_Report()"/>
      	<include name="TestID_19Test_quarterly_Summary_Report()"/>
      	<include name="TestID_20leads_Tab()"/>
      	<include name="TestID_21leads_Select_View()"/>
      	<include name="TestID_22default_View()"/>
      	<include name="TestID_23Todays_Leads()"/>
      	<include name="TestID_24new_Button_On_Lead()"/>
      	<include name="TestID_25Create_new_contact()"/>
      	<include name="TestID_26Create_new_View_contact()"/>
      	<include name="TestID_27Check_contact_Page()"/>
      	<include name="TestID_28Check_My_contact_view()"/>
      	<include name="TestID_29View_Contact_contact_Page()"/>
      	<include name="TestID_30Check_error()"/>
      	<include name="TestID_31Check_Cancel()"/>
      	<include name="TestID_32Check_SaveandNew_button()"/>
      	<include name="TestID_33Check_SaveandNew_button()"/>
      	<include name="TestID_34verify_Edited_Lastname()"/> 
      	<include name="TestID_35verify_Tab_Customization()"/> 
      	<include name="TestID_36blocking_An_Event()"/>
      	<include name="TestID_37blocking_An_Event_With_Weekly()"/>
      </methods>
      </class>
    </classes>
  </test> <!-- Test -->
  
</suite> <!-- Suite -->
